"datetime","season","holiday","workingday","weather","temp","atemp","humidity","windspeed","count","yearMonth"
"2012-11-01 00:00:00",4,0,1,1,14.76,18.18,57,6.0032,60,"2012-11"
"2012-11-01 01:00:00",4,0,1,1,12.3,15.91,75,7.0015,30,"2012-11"
"2012-11-01 02:00:00",4,0,1,1,13.12,16.665,66,8.9981,20,"2012-11"
"2012-11-01 03:00:00",4,0,1,1,13.94,16.665,61,8.9981,15,"2012-11"
"2012-11-01 04:00:00",4,0,1,2,13.94,17.425,66,7.0015,10,"2012-11"
"2012-11-01 05:00:00",4,0,1,1,13.94,16.665,66,8.9981,40,"2012-11"
"2012-11-01 06:00:00",4,0,1,1,13.94,16.665,61,11.0014,148,"2012-11"
"2012-11-01 07:00:00",4,0,1,2,14.76,17.425,57,11.0014,420,"2012-11"
"2012-11-01 08:00:00",4,0,1,2,14.76,18.94,56,7.0015,680,"2012-11"
"2012-11-01 09:00:00",4,0,1,3,14.76,18.18,57,7.0015,331,"2012-11"
"2012-11-01 10:00:00",4,0,1,3,14.76,17.425,62,12.998,146,"2012-11"
"2012-11-01 11:00:00",4,0,1,3,14.76,17.425,62,12.998,170,"2012-11"
"2012-11-01 12:00:00",4,0,1,3,15.58,19.695,62,11.0014,221,"2012-11"
"2012-11-01 13:00:00",4,0,1,2,16.4,20.455,58,11.0014,248,"2012-11"
"2012-11-01 14:00:00",4,0,1,2,16.4,20.455,50,15.0013,185,"2012-11"
"2012-11-01 15:00:00",4,0,1,2,16.4,20.455,54,11.0014,214,"2012-11"
"2012-11-01 16:00:00",4,0,1,2,16.4,20.455,54,11.0014,344,"2012-11"
"2012-11-01 17:00:00",4,0,1,3,16.4,20.455,50,15.0013,689,"2012-11"
"2012-11-01 18:00:00",4,0,1,2,16.4,20.455,50,11.0014,678,"2012-11"
"2012-11-01 19:00:00",4,0,1,2,16.4,20.455,50,11.0014,452,"2012-11"
"2012-11-01 20:00:00",4,0,1,2,15.58,19.695,54,16.9979,296,"2012-11"
"2012-11-01 21:00:00",4,0,1,2,15.58,19.695,54,8.9981,267,"2012-11"
"2012-11-01 22:00:00",4,0,1,1,14.76,17.425,57,11.0014,202,"2012-11"
"2012-11-01 23:00:00",4,0,1,1,13.94,16.665,57,11.0014,120,"2012-11"
"2012-11-02 00:00:00",4,0,1,1,13.94,16.665,57,11.0014,50,"2012-11"
"2012-11-02 01:00:00",4,0,1,1,13.12,15.91,66,11.0014,24,"2012-11"
"2012-11-02 02:00:00",4,0,1,1,13.12,15.91,66,11.0014,10,"2012-11"
"2012-11-02 03:00:00",4,0,1,1,12.3,15.15,70,11.0014,3,"2012-11"
"2012-11-02 04:00:00",4,0,1,1,12.3,15.91,70,7.0015,7,"2012-11"
"2012-11-02 05:00:00",4,0,1,2,13.12,15.91,66,11.0014,26,"2012-11"
"2012-11-02 06:00:00",4,0,1,1,12.3,15.15,70,11.0014,122,"2012-11"
"2012-11-02 07:00:00",4,0,1,2,12.3,15.15,70,8.9981,357,"2012-11"
"2012-11-02 08:00:00",4,0,1,1,13.12,16.665,57,7.0015,687,"2012-11"
"2012-11-02 09:00:00",4,0,1,1,13.94,17.425,53,7.0015,382,"2012-11"
"2012-11-02 10:00:00",4,0,1,1,15.58,19.695,46,19.9995,204,"2012-11"
"2012-11-02 11:00:00",4,0,1,1,17.22,21.21,41,27.9993,221,"2012-11"
"2012-11-02 12:00:00",4,0,1,1,17.22,21.21,41,23.9994,292,"2012-11"
"2012-11-02 13:00:00",4,0,1,1,16.4,20.455,43,23.9994,294,"2012-11"
"2012-11-02 14:00:00",4,0,1,2,16.4,20.455,40,32.9975,262,"2012-11"
"2012-11-02 15:00:00",4,0,1,2,16.4,20.455,40,27.9993,306,"2012-11"
"2012-11-02 16:00:00",4,0,1,1,15.58,19.695,40,22.0028,421,"2012-11"
"2012-11-02 17:00:00",4,0,1,1,15.58,19.695,40,22.0028,638,"2012-11"
"2012-11-02 18:00:00",4,0,1,2,15.58,19.695,43,22.0028,522,"2012-11"
"2012-11-02 19:00:00",4,0,1,2,15.58,19.695,43,19.9995,374,"2012-11"
"2012-11-02 20:00:00",4,0,1,2,14.76,16.665,46,27.9993,221,"2012-11"
"2012-11-02 21:00:00",4,0,1,2,14.76,16.665,46,23.9994,156,"2012-11"
"2012-11-02 22:00:00",4,0,1,1,14.76,16.665,46,16.9979,149,"2012-11"
"2012-11-02 23:00:00",4,0,1,1,13.94,15.15,53,19.9995,119,"2012-11"
"2012-11-03 00:00:00",4,0,0,1,13.94,16.665,53,11.0014,108,"2012-11"
"2012-11-03 01:00:00",4,0,0,2,13.94,15.15,49,22.0028,89,"2012-11"
"2012-11-03 02:00:00",4,0,0,2,13.94,15.91,49,16.9979,46,"2012-11"
"2012-11-03 03:00:00",4,0,0,2,13.94,15.91,49,16.9979,28,"2012-11"
"2012-11-03 04:00:00",4,0,0,2,13.12,15.15,49,19.9995,16,"2012-11"
"2012-11-03 05:00:00",4,0,0,2,13.12,15.15,49,16.9979,9,"2012-11"
"2012-11-03 06:00:00",4,0,0,2,13.12,15.91,49,12.998,21,"2012-11"
"2012-11-03 07:00:00",4,0,0,2,13.12,15.15,49,16.9979,59,"2012-11"
"2012-11-03 08:00:00",4,0,0,2,13.94,15.15,46,19.9995,142,"2012-11"
"2012-11-03 09:00:00",4,0,0,2,13.94,15.15,49,19.9995,219,"2012-11"
"2012-11-03 10:00:00",4,0,0,1,14.76,16.665,46,26.0027,328,"2012-11"
"2012-11-03 11:00:00",4,0,0,2,14.76,16.665,46,26.0027,340,"2012-11"
"2012-11-03 12:00:00",4,0,0,2,14.76,15.91,46,31.0009,394,"2012-11"
"2012-11-03 13:00:00",4,0,0,2,14.76,16.665,46,23.9994,449,"2012-11"
"2012-11-03 14:00:00",4,0,0,2,14.76,16.665,50,22.0028,455,"2012-11"
"2012-11-03 15:00:00",4,0,0,2,14.76,15.91,46,30.0026,448,"2012-11"
"2012-11-03 16:00:00",4,0,0,2,14.76,16.665,46,22.0028,400,"2012-11"
"2012-11-03 17:00:00",4,0,0,2,14.76,16.665,46,19.9995,410,"2012-11"
"2012-11-03 18:00:00",4,0,0,2,14.76,16.665,46,19.0012,297,"2012-11"
"2012-11-03 19:00:00",4,0,0,1,14.76,17.425,50,11.0014,239,"2012-11"
"2012-11-03 20:00:00",4,0,0,1,13.94,16.665,53,8.9981,181,"2012-11"
"2012-11-03 21:00:00",4,0,0,1,13.94,17.425,53,7.0015,166,"2012-11"
"2012-11-03 22:00:00",4,0,0,1,13.12,16.665,57,7.0015,146,"2012-11"
"2012-11-03 23:00:00",4,0,0,1,13.12,16.665,57,7.0015,148,"2012-11"
"2012-11-04 00:00:00",4,0,0,1,12.3,15.91,61,7.0015,102,"2012-11"
"2012-11-04 01:00:00",4,0,0,1,10.66,14.395,81,6.0032,165,"2012-11"
"2012-11-04 02:00:00",4,0,0,1,12.3,16.665,65,0,37,"2012-11"
"2012-11-04 03:00:00",4,0,0,1,11.48,14.395,61,7.0015,11,"2012-11"
"2012-11-04 04:00:00",4,0,0,1,10.66,13.635,65,8.9981,9,"2012-11"
"2012-11-04 05:00:00",4,0,0,1,10.66,13.635,65,7.0015,5,"2012-11"
"2012-11-04 06:00:00",4,0,0,1,11.48,14.395,61,8.9981,16,"2012-11"
"2012-11-04 07:00:00",4,0,0,1,10.66,13.635,65,7.0015,50,"2012-11"
"2012-11-04 08:00:00",4,0,0,1,12.3,15.15,56,8.9981,149,"2012-11"
"2012-11-04 09:00:00",4,0,0,1,13.12,16.665,53,0,217,"2012-11"
"2012-11-04 10:00:00",4,0,0,1,13.94,16.665,49,12.998,360,"2012-11"
"2012-11-04 11:00:00",4,0,0,1,15.58,19.695,46,15.0013,445,"2012-11"
"2012-11-04 12:00:00",4,0,0,1,15.58,19.695,46,15.0013,504,"2012-11"
"2012-11-04 13:00:00",4,0,0,1,16.4,20.455,43,15.0013,493,"2012-11"
"2012-11-04 14:00:00",4,0,0,1,16.4,20.455,40,12.998,509,"2012-11"
"2012-11-04 15:00:00",4,0,0,1,16.4,20.455,40,15.0013,449,"2012-11"
"2012-11-04 16:00:00",4,0,0,1,16.4,20.455,40,22.0028,435,"2012-11"
"2012-11-04 17:00:00",4,0,0,1,14.76,17.425,43,12.998,327,"2012-11"
"2012-11-04 18:00:00",4,0,0,1,14.76,17.425,43,15.0013,237,"2012-11"
"2012-11-04 19:00:00",4,0,0,1,14.76,16.665,43,16.9979,227,"2012-11"
"2012-11-04 20:00:00",4,0,0,1,13.12,14.395,53,23.9994,141,"2012-11"
"2012-11-04 21:00:00",4,0,0,1,12.3,13.635,52,19.9995,87,"2012-11"
"2012-11-04 22:00:00",4,0,0,1,12.3,14.395,52,19.0012,79,"2012-11"
"2012-11-04 23:00:00",4,0,0,2,12.3,15.15,56,11.0014,53,"2012-11"
"2012-11-05 00:00:00",4,0,1,2,12.3,14.395,56,12.998,23,"2012-11"
"2012-11-05 01:00:00",4,0,1,2,12.3,15.15,56,11.0014,8,"2012-11"
"2012-11-05 02:00:00",4,0,1,2,12.3,15.15,56,11.0014,6,"2012-11"
"2012-11-05 03:00:00",4,0,1,2,12.3,14.395,56,15.0013,4,"2012-11"
"2012-11-05 04:00:00",4,0,1,2,12.3,14.395,52,16.9979,16,"2012-11"
"2012-11-05 05:00:00",4,0,1,2,12.3,13.635,52,22.0028,39,"2012-11"
"2012-11-05 06:00:00",4,0,1,2,12.3,14.395,49,19.0012,139,"2012-11"
"2012-11-05 07:00:00",4,0,1,2,12.3,14.395,49,16.9979,461,"2012-11"
"2012-11-05 08:00:00",4,0,1,2,12.3,14.395,49,15.0013,648,"2012-11"
"2012-11-05 09:00:00",4,0,1,2,12.3,14.395,52,19.0012,257,"2012-11"
"2012-11-05 10:00:00",4,0,1,1,13.12,15.15,49,19.0012,142,"2012-11"
"2012-11-05 11:00:00",4,0,1,1,13.94,15.91,46,15.0013,150,"2012-11"
"2012-11-05 12:00:00",4,0,1,1,14.76,16.665,43,22.0028,244,"2012-11"
"2012-11-05 13:00:00",4,0,1,1,14.76,16.665,40,16.9979,222,"2012-11"
"2012-11-05 14:00:00",4,0,1,1,15.58,19.695,40,11.0014,196,"2012-11"
"2012-11-05 15:00:00",4,0,1,1,15.58,19.695,40,19.0012,231,"2012-11"
"2012-11-05 16:00:00",4,0,1,1,14.76,16.665,43,19.0012,360,"2012-11"
"2012-11-05 17:00:00",4,0,1,1,13.94,15.91,46,15.0013,638,"2012-11"
"2012-11-05 18:00:00",4,0,1,1,13.94,15.91,46,15.0013,542,"2012-11"
"2012-11-05 19:00:00",4,0,1,1,13.12,15.91,49,11.0014,372,"2012-11"
"2012-11-05 20:00:00",4,0,1,1,13.12,15.15,49,16.9979,241,"2012-11"
"2012-11-05 21:00:00",4,0,1,1,12.3,14.395,52,19.0012,152,"2012-11"
"2012-11-05 22:00:00",4,0,1,1,11.48,13.635,56,12.998,115,"2012-11"
"2012-11-05 23:00:00",4,0,1,1,10.66,13.635,60,8.9981,53,"2012-11"
"2012-11-06 00:00:00",4,0,1,1,9.84,12.88,60,7.0015,19,"2012-11"
"2012-11-06 01:00:00",4,0,1,1,9.84,12.12,60,11.0014,8,"2012-11"
"2012-11-06 02:00:00",4,0,1,1,9.84,12.88,65,6.0032,2,"2012-11"
"2012-11-06 03:00:00",4,0,1,1,9.02,12.12,64,7.0015,4,"2012-11"
"2012-11-06 04:00:00",4,0,1,1,9.02,12.88,69,6.0032,7,"2012-11"
"2012-11-06 05:00:00",4,0,1,2,9.02,11.365,64,12.998,41,"2012-11"
"2012-11-06 06:00:00",4,0,1,1,9.02,11.365,69,8.9981,149,"2012-11"
"2012-11-06 07:00:00",4,0,1,1,8.2,10.605,69,11.0014,387,"2012-11"
"2012-11-06 08:00:00",4,0,1,1,9.02,11.365,69,11.0014,588,"2012-11"
"2012-11-06 09:00:00",4,0,1,1,10.66,12.88,60,11.0014,363,"2012-11"
"2012-11-06 10:00:00",4,0,1,1,12.3,14.395,49,12.998,230,"2012-11"
"2012-11-06 11:00:00",4,0,1,1,13.12,16.665,45,8.9981,216,"2012-11"
"2012-11-06 12:00:00",4,0,1,1,13.12,16.665,45,8.9981,248,"2012-11"
"2012-11-06 13:00:00",4,0,1,1,13.94,16.665,46,8.9981,278,"2012-11"
"2012-11-06 14:00:00",4,0,1,1,14.76,18.18,40,7.0015,240,"2012-11"
"2012-11-06 15:00:00",4,0,1,1,13.94,15.91,46,16.9979,272,"2012-11"
"2012-11-06 16:00:00",4,0,1,1,13.94,16.665,46,11.0014,402,"2012-11"
"2012-11-06 17:00:00",4,0,1,1,13.12,15.15,53,15.0013,627,"2012-11"
"2012-11-06 18:00:00",4,0,1,1,13.12,15.15,57,19.9995,497,"2012-11"
"2012-11-06 19:00:00",4,0,1,1,12.3,14.395,56,15.0013,371,"2012-11"
"2012-11-06 20:00:00",4,0,1,1,12.3,14.395,61,15.0013,228,"2012-11"
"2012-11-06 21:00:00",4,0,1,2,12.3,14.395,56,16.9979,151,"2012-11"
"2012-11-06 22:00:00",4,0,1,2,12.3,14.395,56,15.0013,153,"2012-11"
"2012-11-06 23:00:00",4,0,1,1,12.3,14.395,56,15.0013,205,"2012-11"
"2012-11-07 00:00:00",4,0,1,2,12.3,14.395,56,19.0012,283,"2012-11"
"2012-11-07 01:00:00",4,0,1,2,11.48,13.635,61,16.9979,92,"2012-11"
"2012-11-07 02:00:00",4,0,1,2,11.48,12.88,56,19.9995,74,"2012-11"
"2012-11-07 03:00:00",4,0,1,2,11.48,12.88,52,22.0028,11,"2012-11"
"2012-11-07 04:00:00",4,0,1,2,11.48,12.88,52,19.9995,9,"2012-11"
"2012-11-07 05:00:00",4,0,1,2,11.48,12.88,52,22.0028,27,"2012-11"
"2012-11-07 06:00:00",4,0,1,2,10.66,12.12,56,19.0012,118,"2012-11"
"2012-11-07 07:00:00",4,0,1,2,10.66,11.365,56,19.9995,319,"2012-11"
"2012-11-07 08:00:00",4,0,1,2,10.66,12.12,60,19.0012,601,"2012-11"
"2012-11-07 09:00:00",4,0,1,2,10.66,12.12,60,19.0012,368,"2012-11"
"2012-11-07 10:00:00",4,0,1,2,11.48,12.88,56,19.9995,178,"2012-11"
"2012-11-07 11:00:00",4,0,1,2,13.12,14.395,51,23.9994,147,"2012-11"
"2012-11-07 12:00:00",4,0,1,2,13.12,15.15,53,19.0012,212,"2012-11"
"2012-11-07 13:00:00",4,0,1,2,13.12,15.15,53,16.9979,181,"2012-11"
"2012-11-07 14:00:00",4,0,1,2,13.12,14.395,53,23.9994,161,"2012-11"
"2012-11-07 15:00:00",4,0,1,2,13.12,15.15,53,19.9995,198,"2012-11"
"2012-11-07 16:00:00",4,0,1,2,13.12,14.395,53,23.9994,273,"2012-11"
"2012-11-07 17:00:00",4,0,1,2,13.12,14.395,53,26.0027,517,"2012-11"
"2012-11-07 18:00:00",4,0,1,2,13.12,14.395,53,23.9994,465,"2012-11"
"2012-11-07 19:00:00",4,0,1,2,12.3,13.635,56,19.9995,319,"2012-11"
"2012-11-07 20:00:00",4,0,1,2,13.12,15.15,49,22.0028,256,"2012-11"
"2012-11-07 21:00:00",4,0,1,2,13.12,15.15,49,19.9995,126,"2012-11"
"2012-11-07 22:00:00",4,0,1,3,12.3,14.395,56,16.9979,60,"2012-11"
"2012-11-07 23:00:00",4,0,1,3,11.48,13.635,65,15.0013,40,"2012-11"
"2012-11-08 00:00:00",4,0,1,3,11.48,13.635,61,15.0013,15,"2012-11"
"2012-11-08 01:00:00",4,0,1,3,12.3,13.635,52,23.9994,12,"2012-11"
"2012-11-08 02:00:00",4,0,1,2,12.3,14.395,49,15.0013,6,"2012-11"
"2012-11-08 04:00:00",4,0,1,2,12.3,14.395,45,19.0012,10,"2012-11"
"2012-11-08 05:00:00",4,0,1,2,12.3,14.395,42,15.0013,35,"2012-11"
"2012-11-08 06:00:00",4,0,1,1,12.3,14.395,39,15.0013,124,"2012-11"
"2012-11-08 07:00:00",4,0,1,1,11.48,12.88,36,26.0027,423,"2012-11"
"2012-11-08 08:00:00",4,0,1,1,12.3,14.395,33,19.0012,668,"2012-11"
"2012-11-08 09:00:00",4,0,1,1,13.12,14.395,31,23.9994,275,"2012-11"
"2012-11-08 10:00:00",4,0,1,1,13.12,15.15,31,22.0028,161,"2012-11"
"2012-11-08 11:00:00",4,0,1,1,14.76,16.665,29,26.0027,171,"2012-11"
"2012-11-08 12:00:00",4,0,1,1,16.4,20.455,24,32.9975,235,"2012-11"
"2012-11-08 13:00:00",4,0,1,1,18.04,21.97,18,27.9993,228,"2012-11"
"2012-11-08 14:00:00",4,0,1,1,18.04,21.97,18,27.9993,182,"2012-11"
"2012-11-08 15:00:00",4,0,1,1,18.04,21.97,18,27.9993,233,"2012-11"
"2012-11-08 16:00:00",4,0,1,1,17.22,21.21,16,26.0027,339,"2012-11"
"2012-11-08 17:00:00",4,0,1,1,16.4,20.455,20,19.9995,592,"2012-11"
"2012-11-08 18:00:00",4,0,1,1,16.4,20.455,24,27.9993,507,"2012-11"
"2012-11-08 19:00:00",4,0,1,1,15.58,19.695,27,23.9994,373,"2012-11"
"2012-11-08 20:00:00",4,0,1,1,15.58,19.695,29,31.0009,245,"2012-11"
"2012-11-08 21:00:00",4,0,1,1,14.76,16.665,37,26.0027,233,"2012-11"
"2012-11-08 22:00:00",4,0,1,1,13.94,15.15,42,19.9995,161,"2012-11"
"2012-11-08 23:00:00",4,0,1,1,13.94,15.15,46,23.9994,87,"2012-11"
"2012-11-09 00:00:00",4,0,1,1,13.94,15.15,49,22.0028,55,"2012-11"
"2012-11-09 01:00:00",4,0,1,1,13.12,15.15,53,19.0012,20,"2012-11"
"2012-11-09 02:00:00",4,0,1,1,13.12,15.15,53,16.9979,12,"2012-11"
"2012-11-09 03:00:00",4,0,1,1,13.12,14.395,53,27.9993,9,"2012-11"
"2012-11-09 04:00:00",4,0,1,1,13.12,14.395,53,23.9994,14,"2012-11"
"2012-11-09 05:00:00",4,0,1,1,12.3,14.395,56,12.998,27,"2012-11"
"2012-11-09 06:00:00",4,0,1,1,10.66,13.635,65,7.0015,131,"2012-11"
"2012-11-09 07:00:00",4,0,1,1,10.66,13.635,65,8.9981,341,"2012-11"
"2012-11-09 08:00:00",4,0,1,1,13.12,15.91,57,11.0014,693,"2012-11"
"2012-11-09 09:00:00",4,0,1,1,13.94,15.15,53,27.9993,327,"2012-11"
"2012-11-09 10:00:00",4,0,1,1,14.76,16.665,50,22.0028,197,"2012-11"
"2012-11-09 11:00:00",4,0,1,1,16.4,20.455,47,19.9995,251,"2012-11"
"2012-11-09 12:00:00",4,0,1,1,18.04,21.97,41,22.0028,262,"2012-11"
"2012-11-09 13:00:00",4,0,1,1,18.86,22.725,38,19.9995,299,"2012-11"
"2012-11-09 14:00:00",4,0,1,1,18.86,22.725,38,12.998,274,"2012-11"
"2012-11-09 15:00:00",4,0,1,1,18.86,22.725,36,15.0013,356,"2012-11"
"2012-11-09 16:00:00",4,0,1,1,18.86,22.725,38,11.0014,434,"2012-11"
"2012-11-09 17:00:00",4,0,1,1,17.22,21.21,44,8.9981,654,"2012-11"
"2012-11-09 18:00:00",4,0,1,1,17.22,21.21,44,7.0015,496,"2012-11"
"2012-11-09 19:00:00",4,0,1,1,13.94,17.425,71,6.0032,361,"2012-11"
"2012-11-09 20:00:00",4,0,1,1,14.76,17.425,66,8.9981,255,"2012-11"
"2012-11-09 21:00:00",4,0,1,1,13.94,18.18,76,0,199,"2012-11"
"2012-11-09 22:00:00",4,0,1,1,13.94,17.425,71,7.0015,163,"2012-11"
"2012-11-09 23:00:00",4,0,1,1,13.12,16.665,81,6.0032,162,"2012-11"
"2012-11-10 00:00:00",4,0,0,1,13.12,16.665,76,6.0032,122,"2012-11"
"2012-11-10 01:00:00",4,0,0,1,12.3,15.91,81,6.0032,76,"2012-11"
"2012-11-10 02:00:00",4,0,0,1,13.12,17.425,81,0,44,"2012-11"
"2012-11-10 03:00:00",4,0,0,1,12.3,16.665,81,0,20,"2012-11"
"2012-11-10 04:00:00",4,0,0,1,10.66,13.635,87,7.0015,6,"2012-11"
"2012-11-10 05:00:00",4,0,0,1,11.48,15.91,87,0,10,"2012-11"
"2012-11-10 06:00:00",4,0,0,1,9.84,12.88,93,6.0032,16,"2012-11"
"2012-11-10 07:00:00",4,0,0,1,10.66,13.635,87,7.0015,71,"2012-11"
"2012-11-10 08:00:00",4,0,0,1,13.12,17.425,76,0,146,"2012-11"
"2012-11-10 09:00:00",4,0,0,1,14.76,17.425,66,12.998,259,"2012-11"
"2012-11-10 10:00:00",4,0,0,1,16.4,20.455,58,0,350,"2012-11"
"2012-11-10 11:00:00",4,0,0,1,16.4,20.455,58,7.0015,466,"2012-11"
"2012-11-10 12:00:00",4,0,0,1,19.68,23.485,48,0,606,"2012-11"
"2012-11-10 13:00:00",4,0,0,1,21.32,25,39,0,651,"2012-11"
"2012-11-10 14:00:00",4,0,0,1,22.14,25.76,37,0,627,"2012-11"
"2012-11-10 15:00:00",4,0,0,1,21.32,25,45,0,567,"2012-11"
"2012-11-10 16:00:00",4,0,0,1,22.14,25.76,37,0,605,"2012-11"
"2012-11-10 17:00:00",4,0,0,1,20.5,24.24,45,12.998,501,"2012-11"
"2012-11-10 18:00:00",4,0,0,1,18.04,21.97,54,8.9981,359,"2012-11"
"2012-11-10 19:00:00",4,0,0,1,18.86,22.725,51,6.0032,283,"2012-11"
"2012-11-10 20:00:00",4,0,0,1,18.04,21.97,54,0,192,"2012-11"
"2012-11-10 21:00:00",4,0,0,1,16.4,20.455,66,0,220,"2012-11"
"2012-11-10 22:00:00",4,0,0,1,15.58,19.695,71,6.0032,193,"2012-11"
"2012-11-10 23:00:00",4,0,0,1,14.76,18.18,71,7.0015,146,"2012-11"
"2012-11-11 00:00:00",4,0,0,1,13.94,17.425,81,6.0032,124,"2012-11"
"2012-11-11 01:00:00",4,0,0,1,13.94,17.425,76,6.0032,108,"2012-11"
"2012-11-11 02:00:00",4,0,0,1,13.12,16.665,87,7.0015,70,"2012-11"
"2012-11-11 03:00:00",4,0,0,1,13.94,18.18,81,0,48,"2012-11"
"2012-11-11 04:00:00",4,0,0,1,13.12,16.665,81,7.0015,11,"2012-11"
"2012-11-11 05:00:00",4,0,0,1,12.3,15.15,87,8.9981,12,"2012-11"
"2012-11-11 06:00:00",4,0,0,1,12.3,15.91,87,6.0032,19,"2012-11"
"2012-11-11 07:00:00",4,0,0,1,12.3,15.91,89,6.0032,68,"2012-11"
"2012-11-11 08:00:00",4,0,0,1,13.12,16.665,87,7.0015,119,"2012-11"
"2012-11-11 09:00:00",4,0,0,1,14.76,18.94,77,0,273,"2012-11"
"2012-11-11 10:00:00",4,0,0,1,16.4,20.455,69,7.0015,405,"2012-11"
"2012-11-11 11:00:00",4,0,0,1,18.86,22.725,59,8.9981,504,"2012-11"
"2012-11-11 12:00:00",4,0,0,1,20.5,24.24,48,6.0032,585,"2012-11"
"2012-11-11 13:00:00",4,0,0,1,22.14,25.76,45,7.0015,686,"2012-11"
"2012-11-11 14:00:00",4,0,0,1,24.6,31.06,33,11.0014,654,"2012-11"
"2012-11-11 15:00:00",4,0,0,1,22.96,26.515,37,15.0013,724,"2012-11"
"2012-11-11 16:00:00",4,0,0,1,22.14,25.76,42,15.0013,653,"2012-11"
"2012-11-11 17:00:00",4,0,0,1,22.14,25.76,45,11.0014,493,"2012-11"
"2012-11-11 18:00:00",4,0,0,1,21.32,25,45,8.9981,405,"2012-11"
"2012-11-11 19:00:00",4,0,0,1,19.68,23.485,55,8.9981,277,"2012-11"
"2012-11-11 20:00:00",4,0,0,1,18.04,21.97,62,11.0014,200,"2012-11"
"2012-11-11 21:00:00",4,0,0,1,18.04,21.97,67,15.0013,171,"2012-11"
"2012-11-11 22:00:00",4,0,0,1,17.22,21.21,71,12.998,134,"2012-11"
"2012-11-11 23:00:00",4,0,0,1,17.22,21.21,71,12.998,109,"2012-11"
"2012-11-12 00:00:00",4,1,0,1,17.22,21.21,71,7.0015,49,"2012-11"
"2012-11-12 01:00:00",4,1,0,1,16.4,20.455,76,11.0014,30,"2012-11"
"2012-11-12 02:00:00",4,1,0,1,16.4,20.455,76,8.9981,20,"2012-11"
"2012-11-12 03:00:00",4,1,0,1,16.4,20.455,76,8.9981,4,"2012-11"
"2012-11-12 04:00:00",4,1,0,1,16.4,20.455,76,6.0032,4,"2012-11"
"2012-11-12 05:00:00",4,1,0,1,15.58,19.695,87,0,24,"2012-11"
"2012-11-12 06:00:00",4,1,0,1,15.58,19.695,87,7.0015,71,"2012-11"
"2012-11-12 07:00:00",4,1,0,1,16.4,20.455,87,0,264,"2012-11"
"2012-11-12 08:00:00",4,1,0,1,17.22,21.21,82,11.0014,540,"2012-11"
"2012-11-12 09:00:00",4,1,0,1,18.04,21.97,88,7.0015,397,"2012-11"
"2012-11-12 10:00:00",4,1,0,1,19.68,23.485,77,11.0014,266,"2012-11"
"2012-11-12 11:00:00",4,1,0,1,21.32,25,72,11.0014,367,"2012-11"
"2012-11-12 12:00:00",4,1,0,1,22.96,26.515,64,15.0013,419,"2012-11"
"2012-11-12 13:00:00",4,1,0,1,24.6,30.305,60,15.0013,420,"2012-11"
"2012-11-12 14:00:00",4,1,0,1,23.78,27.275,60,19.0012,444,"2012-11"
"2012-11-12 15:00:00",4,1,0,1,22.96,26.515,64,16.9979,382,"2012-11"
"2012-11-12 16:00:00",4,1,0,1,22.96,26.515,64,11.0014,434,"2012-11"
"2012-11-12 17:00:00",4,1,0,1,22.96,26.515,64,19.0012,596,"2012-11"
"2012-11-12 18:00:00",4,1,0,1,21.32,25,72,8.9981,551,"2012-11"
"2012-11-12 19:00:00",4,1,0,1,22.14,25.76,73,19.0012,353,"2012-11"
"2012-11-12 20:00:00",4,1,0,2,21.32,25,77,19.0012,304,"2012-11"
"2012-11-12 21:00:00",4,1,0,3,22.14,25.76,73,15.0013,155,"2012-11"
"2012-11-12 22:00:00",4,1,0,1,21.32,25,77,16.9979,112,"2012-11"
"2012-11-12 23:00:00",4,1,0,2,22.14,25.76,77,15.0013,63,"2012-11"
"2012-11-13 00:00:00",4,0,1,2,21.32,25,83,19.0012,23,"2012-11"
"2012-11-13 01:00:00",4,0,1,3,18.04,21.97,88,43.0006,5,"2012-11"
"2012-11-13 02:00:00",4,0,1,3,14.76,15.91,87,30.0026,11,"2012-11"
"2012-11-13 03:00:00",4,0,1,3,14.76,16.665,87,23.9994,5,"2012-11"
"2012-11-13 04:00:00",4,0,1,2,14.76,16.665,81,26.0027,9,"2012-11"
"2012-11-13 05:00:00",4,0,1,2,13.94,15.91,87,19.0012,18,"2012-11"
"2012-11-13 06:00:00",4,0,1,3,13.12,14.395,81,31.0009,50,"2012-11"
"2012-11-13 07:00:00",4,0,1,3,13.12,15.15,87,16.9979,107,"2012-11"
"2012-11-13 08:00:00",4,0,1,3,13.12,15.15,87,16.9979,211,"2012-11"
"2012-11-13 09:00:00",4,0,1,3,13.12,15.15,81,22.0028,110,"2012-11"
"2012-11-13 10:00:00",4,0,1,3,12.3,13.635,75,26.0027,94,"2012-11"
"2012-11-13 11:00:00",4,0,1,1,13.12,15.15,70,16.9979,155,"2012-11"
"2012-11-13 12:00:00",4,0,1,1,13.94,15.91,61,19.0012,196,"2012-11"
"2012-11-13 13:00:00",4,0,1,1,13.94,15.91,53,16.9979,218,"2012-11"
"2012-11-13 14:00:00",4,0,1,1,15.58,19.695,46,26.0027,203,"2012-11"
"2012-11-13 15:00:00",4,0,1,1,16.4,20.455,40,19.9995,217,"2012-11"
"2012-11-13 16:00:00",4,0,1,1,15.58,19.695,40,19.9995,310,"2012-11"
"2012-11-13 17:00:00",4,0,1,1,13.94,15.15,49,23.9994,608,"2012-11"
"2012-11-13 18:00:00",4,0,1,1,13.94,15.91,49,19.0012,559,"2012-11"
"2012-11-13 19:00:00",4,0,1,1,13.12,14.395,49,23.9994,356,"2012-11"
"2012-11-13 20:00:00",4,0,1,1,12.3,13.635,49,23.9994,223,"2012-11"
"2012-11-13 21:00:00",4,0,1,1,12.3,13.635,49,23.9994,187,"2012-11"
"2012-11-13 22:00:00",4,0,1,1,10.66,11.365,56,22.0028,135,"2012-11"
"2012-11-13 23:00:00",4,0,1,1,10.66,11.365,56,19.9995,84,"2012-11"
"2012-11-14 00:00:00",4,0,1,1,10.66,12.12,56,19.0012,24,"2012-11"
"2012-11-14 01:00:00",4,0,1,1,9.84,10.605,60,19.9995,12,"2012-11"
"2012-11-14 02:00:00",4,0,1,1,9.84,10.605,60,19.9995,1,"2012-11"
"2012-11-14 03:00:00",4,0,1,1,9.84,11.365,65,15.0013,5,"2012-11"
"2012-11-14 04:00:00",4,0,1,1,9.02,11.365,69,12.998,6,"2012-11"
"2012-11-14 05:00:00",4,0,1,1,9.02,11.365,69,12.998,39,"2012-11"
"2012-11-14 06:00:00",4,0,1,1,9.84,11.365,65,12.998,146,"2012-11"
"2012-11-14 07:00:00",4,0,1,1,9.84,10.605,65,19.0012,415,"2012-11"
"2012-11-14 08:00:00",4,0,1,1,11.48,12.88,56,19.9995,691,"2012-11"
"2012-11-14 09:00:00",4,0,1,1,12.3,13.635,52,26.0027,332,"2012-11"
"2012-11-14 10:00:00",4,0,1,1,13.12,14.395,45,23.9994,171,"2012-11"
"2012-11-14 11:00:00",4,0,1,1,13.12,15.15,49,16.9979,151,"2012-11"
"2012-11-14 12:00:00",4,0,1,1,13.94,16.665,46,0,240,"2012-11"
"2012-11-14 13:00:00",4,0,1,1,14.76,16.665,43,16.9979,214,"2012-11"
"2012-11-14 14:00:00",4,0,1,1,14.76,17.425,43,8.9981,181,"2012-11"
"2012-11-14 15:00:00",4,0,1,1,14.76,16.665,43,19.0012,260,"2012-11"
"2012-11-14 16:00:00",4,0,1,1,13.94,17.425,46,7.0015,321,"2012-11"
"2012-11-14 17:00:00",4,0,1,1,13.12,15.91,49,12.998,583,"2012-11"
"2012-11-14 18:00:00",4,0,1,1,13.12,15.91,53,11.0014,567,"2012-11"
"2012-11-14 19:00:00",4,0,1,1,12.3,15.15,52,11.0014,396,"2012-11"
"2012-11-14 20:00:00",4,0,1,1,12.3,15.91,52,6.0032,267,"2012-11"
"2012-11-14 21:00:00",4,0,1,1,12.3,16.665,56,0,213,"2012-11"
"2012-11-14 22:00:00",4,0,1,1,11.48,15.91,61,0,173,"2012-11"
"2012-11-14 23:00:00",4,0,1,1,9.84,12.12,70,8.9981,87,"2012-11"
"2012-11-15 00:00:00",4,0,1,2,10.66,15.15,65,0,34,"2012-11"
"2012-11-15 01:00:00",4,0,1,2,10.66,13.635,65,7.0015,16,"2012-11"
"2012-11-15 02:00:00",4,0,1,2,10.66,12.88,70,11.0014,7,"2012-11"
"2012-11-15 03:00:00",4,0,1,2,10.66,14.395,70,6.0032,2,"2012-11"
"2012-11-15 04:00:00",4,0,1,2,11.48,14.395,65,8.9981,5,"2012-11"
"2012-11-15 05:00:00",4,0,1,2,12.3,14.395,61,15.0013,37,"2012-11"
"2012-11-15 06:00:00",4,0,1,2,12.3,14.395,65,16.9979,147,"2012-11"
"2012-11-15 07:00:00",4,0,1,2,12.3,14.395,65,12.998,410,"2012-11"
"2012-11-15 08:00:00",4,0,1,2,12.3,14.395,61,15.0013,646,"2012-11"
"2012-11-15 09:00:00",4,0,1,2,13.12,15.91,61,12.998,323,"2012-11"
"2012-11-15 10:00:00",4,0,1,2,13.12,16.665,66,8.9981,153,"2012-11"
"2012-11-15 11:00:00",4,0,1,2,13.94,16.665,61,8.9981,166,"2012-11"
"2012-11-15 12:00:00",4,0,1,2,14.76,18.18,62,7.0015,213,"2012-11"
"2012-11-15 13:00:00",4,0,1,2,15.58,19.695,54,7.0015,217,"2012-11"
"2012-11-15 14:00:00",4,0,1,2,15.58,19.695,54,11.0014,201,"2012-11"
"2012-11-15 15:00:00",4,0,1,2,15.58,19.695,58,11.0014,217,"2012-11"
"2012-11-15 16:00:00",4,0,1,2,14.76,17.425,57,12.998,342,"2012-11"
"2012-11-15 17:00:00",4,0,1,2,14.76,17.425,57,15.0013,563,"2012-11"
"2012-11-15 18:00:00",4,0,1,2,14.76,17.425,57,12.998,573,"2012-11"
"2012-11-15 19:00:00",4,0,1,2,13.94,16.665,61,8.9981,386,"2012-11"
"2012-11-15 20:00:00",4,0,1,1,13.94,17.425,61,7.0015,285,"2012-11"
"2012-11-15 21:00:00",4,0,1,2,13.12,16.665,66,7.0015,224,"2012-11"
"2012-11-15 22:00:00",4,0,1,2,13.12,15.91,66,11.0014,153,"2012-11"
"2012-11-15 23:00:00",4,0,1,2,13.12,15.91,61,11.0014,125,"2012-11"
"2012-11-16 00:00:00",4,0,1,2,13.12,16.665,66,7.0015,65,"2012-11"
"2012-11-16 01:00:00",4,0,1,2,12.3,15.91,65,6.0032,21,"2012-11"
"2012-11-16 02:00:00",4,0,1,2,12.3,15.15,70,11.0014,9,"2012-11"
"2012-11-16 03:00:00",4,0,1,2,12.3,15.15,65,8.9981,6,"2012-11"
"2012-11-16 04:00:00",4,0,1,2,12.3,15.91,65,7.0015,5,"2012-11"
"2012-11-16 05:00:00",4,0,1,2,12.3,15.91,65,6.0032,36,"2012-11"
"2012-11-16 06:00:00",4,0,1,2,12.3,15.91,61,6.0032,130,"2012-11"
"2012-11-16 07:00:00",4,0,1,2,12.3,15.15,61,11.0014,367,"2012-11"
"2012-11-16 08:00:00",4,0,1,2,13.12,16.665,57,8.9981,711,"2012-11"
"2012-11-16 09:00:00",4,0,1,1,13.94,17.425,53,7.0015,351,"2012-11"
"2012-11-16 10:00:00",4,0,1,1,13.94,16.665,53,12.998,198,"2012-11"
"2012-11-16 11:00:00",4,0,1,1,15.58,19.695,43,15.0013,218,"2012-11"
"2012-11-16 12:00:00",4,0,1,1,16.4,20.455,43,19.0012,290,"2012-11"
"2012-11-16 13:00:00",4,0,1,1,17.22,21.21,38,12.998,278,"2012-11"
"2012-11-16 14:00:00",4,0,1,1,17.22,21.21,35,7.0015,251,"2012-11"
"2012-11-16 15:00:00",4,0,1,1,17.22,21.21,38,8.9981,267,"2012-11"
"2012-11-16 16:00:00",4,0,1,1,17.22,21.21,35,19.0012,383,"2012-11"
"2012-11-16 17:00:00",4,0,1,1,14.76,17.425,46,12.998,580,"2012-11"
"2012-11-16 18:00:00",4,0,1,1,13.94,16.665,53,11.0014,505,"2012-11"
"2012-11-16 19:00:00",4,0,1,1,14.76,17.425,46,15.0013,332,"2012-11"
"2012-11-16 20:00:00",4,0,1,1,14.76,16.665,46,16.9979,227,"2012-11"
"2012-11-16 21:00:00",4,0,1,1,13.94,16.665,49,12.998,178,"2012-11"
"2012-11-16 22:00:00",4,0,1,1,13.12,15.15,53,16.9979,162,"2012-11"
"2012-11-16 23:00:00",4,0,1,1,13.12,15.15,53,15.0013,128,"2012-11"
"2012-11-17 00:00:00",4,0,0,1,12.3,15.15,52,11.0014,106,"2012-11"
"2012-11-17 01:00:00",4,0,0,1,10.66,12.88,60,12.998,87,"2012-11"
"2012-11-17 02:00:00",4,0,0,1,10.66,12.88,65,12.998,49,"2012-11"
"2012-11-17 03:00:00",4,0,0,1,10.66,12.88,65,12.998,21,"2012-11"
"2012-11-17 04:00:00",4,0,0,1,9.84,11.365,70,12.998,7,"2012-11"
"2012-11-17 05:00:00",4,0,0,1,9.84,12.12,70,11.0014,11,"2012-11"
"2012-11-17 06:00:00",4,0,0,1,9.84,11.365,70,15.0013,21,"2012-11"
"2012-11-17 07:00:00",4,0,0,1,9.84,11.365,70,12.998,78,"2012-11"
"2012-11-17 08:00:00",4,0,0,1,10.66,12.88,65,15.0013,168,"2012-11"
"2012-11-17 09:00:00",4,0,0,1,13.94,15.91,49,15.0013,248,"2012-11"
"2012-11-17 10:00:00",4,0,0,1,14.76,16.665,46,16.9979,320,"2012-11"
"2012-11-17 11:00:00",4,0,0,1,15.58,19.695,43,12.998,423,"2012-11"
"2012-11-17 12:00:00",4,0,0,1,16.4,20.455,40,11.0014,476,"2012-11"
"2012-11-17 13:00:00",4,0,0,1,17.22,21.21,38,16.9979,525,"2012-11"
"2012-11-17 14:00:00",4,0,0,1,17.22,21.21,38,12.998,555,"2012-11"
"2012-11-17 15:00:00",4,0,0,1,17.22,21.21,35,19.9995,549,"2012-11"
"2012-11-17 16:00:00",4,0,0,1,16.4,20.455,40,15.0013,469,"2012-11"
"2012-11-17 17:00:00",4,0,0,1,15.58,19.695,40,11.0014,403,"2012-11"
"2012-11-17 18:00:00",4,0,0,1,14.76,18.18,50,7.0015,271,"2012-11"
"2012-11-17 19:00:00",4,0,0,1,13.94,17.425,53,6.0032,253,"2012-11"
"2012-11-17 20:00:00",4,0,0,2,13.94,17.425,66,6.0032,172,"2012-11"
"2012-11-17 21:00:00",4,0,0,2,13.12,16.665,57,7.0015,139,"2012-11"
"2012-11-17 22:00:00",4,0,0,2,13.12,16.665,57,7.0015,145,"2012-11"
"2012-11-17 23:00:00",4,0,0,2,12.3,15.91,70,7.0015,133,"2012-11"
"2012-11-18 00:00:00",4,0,0,2,12.3,15.15,70,11.0014,129,"2012-11"
"2012-11-18 01:00:00",4,0,0,1,12.3,14.395,70,12.998,95,"2012-11"
"2012-11-18 02:00:00",4,0,0,1,11.48,14.395,81,7.0015,73,"2012-11"
"2012-11-18 03:00:00",4,0,0,2,12.3,15.15,81,11.0014,46,"2012-11"
"2012-11-18 04:00:00",4,0,0,2,12.3,14.395,81,12.998,12,"2012-11"
"2012-11-18 05:00:00",4,0,0,1,11.48,14.395,81,8.9981,12,"2012-11"
"2012-11-18 06:00:00",4,0,0,1,11.48,13.635,81,11.0014,15,"2012-11"
"2012-11-18 07:00:00",4,0,0,1,11.48,13.635,81,12.998,42,"2012-11"
"2012-11-18 08:00:00",4,0,0,1,12.3,14.395,75,16.9979,119,"2012-11"
"2012-11-18 09:00:00",4,0,0,1,13.12,15.15,70,16.9979,204,"2012-11"
"2012-11-18 10:00:00",4,0,0,1,13.94,15.15,66,19.9995,329,"2012-11"
"2012-11-18 11:00:00",4,0,0,1,15.58,19.695,62,19.0012,359,"2012-11"
"2012-11-18 12:00:00",4,0,0,1,16.4,20.455,62,19.0012,442,"2012-11"
"2012-11-18 13:00:00",4,0,0,1,16.4,20.455,62,22.0028,447,"2012-11"
"2012-11-18 14:00:00",4,0,0,1,16.4,20.455,62,19.9995,428,"2012-11"
"2012-11-18 15:00:00",4,0,0,1,17.22,21.21,54,19.0012,407,"2012-11"
"2012-11-18 16:00:00",4,0,0,2,16.4,20.455,62,22.0028,372,"2012-11"
"2012-11-18 17:00:00",4,0,0,2,15.58,19.695,66,16.9979,280,"2012-11"
"2012-11-18 18:00:00",4,0,0,1,14.76,17.425,66,15.0013,276,"2012-11"
"2012-11-18 19:00:00",4,0,0,1,14.76,17.425,66,11.0014,210,"2012-11"
"2012-11-18 20:00:00",4,0,0,1,14.76,17.425,66,11.0014,129,"2012-11"
"2012-11-18 21:00:00",4,0,0,1,14.76,16.665,66,16.9979,110,"2012-11"
"2012-11-18 22:00:00",4,0,0,2,14.76,16.665,66,16.9979,74,"2012-11"
"2012-11-18 23:00:00",4,0,0,1,14.76,17.425,66,15.0013,59,"2012-11"
"2012-11-19 00:00:00",4,0,1,1,14.76,17.425,66,15.0013,27,"2012-11"
"2012-11-19 01:00:00",4,0,1,2,14.76,17.425,66,15.0013,19,"2012-11"
"2012-11-19 02:00:00",4,0,1,2,14.76,16.665,66,16.9979,5,"2012-11"
"2012-11-19 03:00:00",4,0,1,2,14.76,17.425,66,15.0013,2,"2012-11"
"2012-11-19 04:00:00",4,0,1,2,14.76,17.425,66,15.0013,12,"2012-11"
"2012-11-19 05:00:00",4,0,1,2,14.76,17.425,66,15.0013,39,"2012-11"
"2012-11-19 06:00:00",4,0,1,2,14.76,16.665,66,16.9979,131,"2012-11"
"2012-11-19 07:00:00",4,0,1,2,14.76,16.665,66,19.9995,386,"2012-11"
"2012-11-19 08:00:00",4,0,1,2,14.76,16.665,66,19.9995,663,"2012-11"
"2012-11-19 09:00:00",4,0,1,2,14.76,16.665,66,16.9979,278,"2012-11"
"2012-11-19 10:00:00",4,0,1,2,14.76,16.665,66,16.9979,139,"2012-11"
"2012-11-19 11:00:00",4,0,1,2,15.58,19.695,66,16.9979,197,"2012-11"
"2012-11-19 12:00:00",4,0,1,2,16.4,20.455,62,19.0012,242,"2012-11"
"2012-11-19 13:00:00",4,0,1,1,18.04,21.97,54,16.9979,251,"2012-11"
"2012-11-19 14:00:00",4,0,1,1,18.04,21.97,54,16.9979,217,"2012-11"
"2012-11-19 15:00:00",4,0,1,1,18.04,21.97,54,12.998,257,"2012-11"
"2012-11-19 16:00:00",4,0,1,1,17.22,21.21,58,16.9979,380,"2012-11"
"2012-11-19 17:00:00",4,0,1,2,17.22,21.21,58,12.998,619,"2012-11"
"2012-11-19 18:00:00",4,0,1,2,16.4,20.455,58,16.9979,580,"2012-11"
"2012-11-19 19:00:00",4,0,1,2,16.4,20.455,58,19.0012,406,"2012-11"
"2012-11-19 20:00:00",4,0,1,2,15.58,19.695,62,16.9979,259,"2012-11"
"2012-11-19 21:00:00",4,0,1,2,15.58,19.695,54,15.0013,203,"2012-11"
"2012-11-19 22:00:00",4,0,1,1,13.94,17.425,66,7.0015,113,"2012-11"
"2012-11-19 23:00:00",4,0,1,1,13.94,17.425,66,7.0015,74,"2012-11"
"2012-11-20 00:00:00",4,0,1,1,13.12,16.665,70,8.9981,34,"2012-11"
"2012-11-20 01:00:00",4,0,1,1,13.94,17.425,66,7.0015,16,"2012-11"
"2012-11-20 02:00:00",4,0,1,2,13.12,16.665,76,6.0032,8,"2012-11"
"2012-11-20 03:00:00",4,0,1,2,13.94,17.425,71,7.0015,5,"2012-11"
"2012-11-20 04:00:00",4,0,1,2,13.94,16.665,66,12.998,8,"2012-11"
"2012-11-20 05:00:00",4,0,1,2,13.94,16.665,66,8.9981,33,"2012-11"
"2012-11-20 06:00:00",4,0,1,2,13.94,16.665,71,11.0014,122,"2012-11"
"2012-11-20 07:00:00",4,0,1,1,13.12,16.665,76,6.0032,365,"2012-11"
"2012-11-20 08:00:00",4,0,1,1,13.94,16.665,71,8.9981,667,"2012-11"
"2012-11-20 09:00:00",4,0,1,2,14.76,18.94,71,0,320,"2012-11"
"2012-11-20 10:00:00",4,0,1,2,16.4,20.455,66,6.0032,169,"2012-11"
"2012-11-20 11:00:00",4,0,1,2,17.22,21.21,67,6.0032,192,"2012-11"
"2012-11-20 12:00:00",4,0,1,2,17.22,21.21,67,0,249,"2012-11"
"2012-11-20 13:00:00",4,0,1,2,18.04,21.97,58,0,247,"2012-11"
"2012-11-20 14:00:00",4,0,1,2,18.04,21.97,58,7.0015,222,"2012-11"
"2012-11-20 15:00:00",4,0,1,2,18.86,22.725,55,7.0015,240,"2012-11"
"2012-11-20 16:00:00",4,0,1,2,17.22,21.21,62,6.0032,339,"2012-11"
"2012-11-20 17:00:00",4,0,1,2,16.4,20.455,71,11.0014,589,"2012-11"
"2012-11-20 18:00:00",4,0,1,2,16.4,20.455,66,6.0032,549,"2012-11"
"2012-11-20 19:00:00",4,0,1,2,16.4,20.455,71,0,367,"2012-11"
"2012-11-20 20:00:00",4,0,1,2,15.58,19.695,76,0,248,"2012-11"
"2012-11-20 21:00:00",4,0,1,1,14.76,18.94,71,0,196,"2012-11"
"2012-11-20 22:00:00",4,0,1,1,14.76,18.94,71,0,154,"2012-11"
"2012-11-20 23:00:00",4,0,1,1,13.12,16.665,81,7.0015,119,"2012-11"
"2012-11-21 00:00:00",4,0,1,1,13.94,18.18,81,0,65,"2012-11"
"2012-11-21 01:00:00",4,0,1,1,13.12,16.665,81,7.0015,25,"2012-11"
"2012-11-21 02:00:00",4,0,1,1,11.48,14.395,87,7.0015,11,"2012-11"
"2012-11-21 03:00:00",4,0,1,1,11.48,14.395,87,7.0015,5,"2012-11"
"2012-11-21 04:00:00",4,0,1,1,11.48,14.395,87,7.0015,6,"2012-11"
"2012-11-21 05:00:00",4,0,1,1,11.48,14.395,87,7.0015,32,"2012-11"
"2012-11-21 06:00:00",4,0,1,1,11.48,15.15,87,6.0032,116,"2012-11"
"2012-11-21 07:00:00",4,0,1,1,10.66,14.395,87,6.0032,329,"2012-11"
"2012-11-21 08:00:00",4,0,1,2,11.48,15.15,81,6.0032,602,"2012-11"
"2012-11-21 09:00:00",4,0,1,1,13.12,16.665,76,6.0032,331,"2012-11"
"2012-11-21 10:00:00",4,0,1,1,14.76,18.94,62,0,177,"2012-11"
"2012-11-21 11:00:00",4,0,1,1,16.4,20.455,50,12.998,197,"2012-11"
"2012-11-21 12:00:00",4,0,1,1,18.04,21.97,41,12.998,264,"2012-11"
"2012-11-21 13:00:00",4,0,1,1,18.04,21.97,35,15.0013,271,"2012-11"
"2012-11-21 14:00:00",4,0,1,1,18.86,22.725,33,12.998,259,"2012-11"
"2012-11-21 15:00:00",4,0,1,1,18.86,22.725,36,6.0032,293,"2012-11"
"2012-11-21 16:00:00",4,0,1,1,18.04,21.97,33,8.9981,396,"2012-11"
"2012-11-21 17:00:00",4,0,1,1,16.4,20.455,40,11.0014,620,"2012-11"
"2012-11-21 18:00:00",4,0,1,1,17.22,21.21,38,7.0015,523,"2012-11"
"2012-11-21 19:00:00",4,0,1,1,15.58,19.695,43,12.998,365,"2012-11"
"2012-11-21 20:00:00",4,0,1,1,13.94,17.425,61,7.0015,249,"2012-11"
"2012-11-21 21:00:00",4,0,1,1,14.76,18.94,50,0,195,"2012-11"
"2012-11-21 22:00:00",4,0,1,1,13.94,18.18,49,0,153,"2012-11"
"2012-11-21 23:00:00",4,0,1,1,13.12,17.425,61,0,121,"2012-11"
"2012-11-22 00:00:00",4,1,0,1,13.12,16.665,66,6.0032,94,"2012-11"
"2012-11-22 01:00:00",4,1,0,1,11.48,15.15,65,6.0032,74,"2012-11"
"2012-11-22 02:00:00",4,1,0,1,9.84,12.88,75,6.0032,61,"2012-11"
"2012-11-22 03:00:00",4,1,0,1,9.84,12.88,75,7.0015,40,"2012-11"
"2012-11-22 04:00:00",4,1,0,1,9.02,11.365,80,8.9981,14,"2012-11"
"2012-11-22 05:00:00",4,1,0,1,9.84,12.88,75,7.0015,12,"2012-11"
"2012-11-22 06:00:00",4,1,0,1,10.66,13.635,70,7.0015,24,"2012-11"
"2012-11-22 07:00:00",4,1,0,1,9.02,11.365,75,8.9981,68,"2012-11"
"2012-11-22 08:00:00",4,1,0,1,9.84,12.12,75,8.9981,161,"2012-11"
"2012-11-22 09:00:00",4,1,0,1,12.3,16.665,65,0,229,"2012-11"
"2012-11-22 10:00:00",4,1,0,1,14.76,18.18,57,7.0015,329,"2012-11"
"2012-11-22 11:00:00",4,1,0,1,17.22,21.21,41,6.0032,402,"2012-11"
"2012-11-22 12:00:00",4,1,0,1,18.04,21.97,35,0,454,"2012-11"
"2012-11-22 13:00:00",4,1,0,1,18.86,22.725,31,0,477,"2012-11"
"2012-11-22 14:00:00",4,1,0,1,19.68,23.485,29,0,498,"2012-11"
"2012-11-22 15:00:00",4,1,0,1,19.68,23.485,29,0,496,"2012-11"
"2012-11-22 16:00:00",4,1,0,1,18.86,22.725,33,0,478,"2012-11"
"2012-11-22 17:00:00",4,1,0,1,18.04,21.97,35,0,430,"2012-11"
"2012-11-22 18:00:00",4,1,0,1,16.4,20.455,43,0,360,"2012-11"
"2012-11-22 19:00:00",4,1,0,1,14.76,18.94,76,0,272,"2012-11"
"2012-11-22 20:00:00",4,1,0,1,13.94,18.18,71,0,196,"2012-11"
"2012-11-22 21:00:00",4,1,0,1,13.94,17.425,61,6.0032,164,"2012-11"
"2012-11-22 22:00:00",4,1,0,1,13.12,17.425,61,0,135,"2012-11"
"2012-11-22 23:00:00",4,1,0,1,12.3,16.665,70,0,105,"2012-11"
"2012-11-23 00:00:00",4,0,1,1,11.48,15.91,65,0,58,"2012-11"
"2012-11-23 01:00:00",4,0,1,1,11.48,15.15,81,6.0032,25,"2012-11"
"2012-11-23 02:00:00",4,0,1,1,10.66,14.395,75,6.0032,11,"2012-11"
"2012-11-23 03:00:00",4,0,1,1,10.66,15.15,70,0,4,"2012-11"
"2012-11-23 04:00:00",4,0,1,1,9.84,12.88,75,7.0015,6,"2012-11"
"2012-11-23 05:00:00",4,0,1,1,9.84,14.395,81,0,34,"2012-11"
"2012-11-23 06:00:00",4,0,1,1,9.84,14.395,81,0,134,"2012-11"
"2012-11-23 07:00:00",4,0,1,1,9.84,14.395,81,0,363,"2012-11"
"2012-11-23 08:00:00",4,0,1,1,9.84,12.88,87,6.0032,646,"2012-11"
"2012-11-23 09:00:00",4,0,1,1,11.48,14.395,75,7.0015,334,"2012-11"
"2012-11-23 10:00:00",4,0,1,1,13.94,16.665,61,11.0014,178,"2012-11"
"2012-11-23 11:00:00",4,0,1,1,16.4,20.455,50,12.998,199,"2012-11"
"2012-11-23 12:00:00",4,0,1,1,18.04,21.97,38,16.9979,265,"2012-11"
"2012-11-23 13:00:00",4,0,1,1,18.86,22.725,38,19.0012,274,"2012-11"
"2012-11-23 14:00:00",4,0,1,1,20.5,24.24,36,16.9979,260,"2012-11"
"2012-11-23 15:00:00",4,0,1,1,19.68,23.485,41,16.9979,293,"2012-11"
"2012-11-23 16:00:00",4,0,1,2,19.68,23.485,41,7.0015,396,"2012-11"
"2012-11-23 17:00:00",4,0,1,2,19.68,23.485,39,6.0032,635,"2012-11"
"2012-11-23 18:00:00",4,0,1,2,18.86,22.725,44,0,541,"2012-11"
"2012-11-23 19:00:00",4,0,1,2,18.86,22.725,47,11.0014,373,"2012-11"
"2012-11-23 20:00:00",4,0,1,1,18.86,22.725,41,6.0032,249,"2012-11"
"2012-11-23 21:00:00",4,0,1,1,18.86,22.725,47,16.9979,193,"2012-11"
"2012-11-23 22:00:00",4,0,1,1,18.04,21.97,33,35.0008,145,"2012-11"
"2012-11-23 23:00:00",4,0,1,1,17.22,21.21,38,30.0026,104,"2012-11"
"2012-11-24 00:00:00",4,0,0,1,16.4,20.455,37,27.9993,86,"2012-11"
"2012-11-24 01:00:00",4,0,0,1,13.94,14.395,42,32.9975,62,"2012-11"
"2012-11-24 02:00:00",4,0,0,1,13.12,13.635,39,40.9973,43,"2012-11"
"2012-11-24 03:00:00",4,0,0,1,11.48,12.88,41,23.9994,22,"2012-11"
"2012-11-24 04:00:00",4,0,0,1,10.66,10.605,41,30.0026,10,"2012-11"
"2012-11-24 05:00:00",4,0,0,1,10.66,11.365,41,22.0028,9,"2012-11"
"2012-11-24 06:00:00",4,0,0,1,9.84,10.605,44,19.0012,19,"2012-11"
"2012-11-24 07:00:00",4,0,0,2,10.66,11.365,41,22.0028,58,"2012-11"
"2012-11-24 08:00:00",4,0,0,2,10.66,10.605,44,31.0009,142,"2012-11"
"2012-11-24 09:00:00",4,0,0,2,10.66,10.605,41,30.0026,211,"2012-11"
"2012-11-24 10:00:00",4,0,0,2,10.66,11.365,44,19.9995,303,"2012-11"
"2012-11-24 11:00:00",4,0,0,2,11.48,12.88,41,19.9995,361,"2012-11"
"2012-11-24 12:00:00",4,0,0,2,12.3,12.88,36,40.9973,403,"2012-11"
"2012-11-24 13:00:00",4,0,0,1,13.12,15.15,36,22.0028,407,"2012-11"
"2012-11-24 14:00:00",4,0,0,1,13.12,14.395,33,31.0009,398,"2012-11"
"2012-11-24 15:00:00",4,0,0,1,12.3,13.635,36,31.0009,390,"2012-11"
"2012-11-24 16:00:00",4,0,0,1,11.48,12.12,38,30.0026,364,"2012-11"
"2012-11-24 17:00:00",4,0,0,1,10.66,11.365,41,26.0027,309,"2012-11"
"2012-11-24 18:00:00",4,0,0,1,10.66,11.365,38,26.0027,237,"2012-11"
"2012-11-24 19:00:00",4,0,0,1,10.66,12.12,41,16.9979,205,"2012-11"
"2012-11-24 20:00:00",4,0,0,1,9.84,10.605,44,19.0012,152,"2012-11"
"2012-11-24 21:00:00",4,0,0,1,9.84,11.365,44,12.998,120,"2012-11"
"2012-11-24 22:00:00",4,0,0,1,9.84,11.365,44,16.9979,97,"2012-11"
"2012-11-24 23:00:00",4,0,0,1,9.84,11.365,44,12.998,76,"2012-11"
"2012-11-25 00:00:00",4,0,0,1,9.02,10.605,47,16.9979,63,"2012-11"
"2012-11-25 01:00:00",4,0,0,1,9.02,11.365,44,12.998,50,"2012-11"
"2012-11-25 02:00:00",4,0,0,1,9.02,9.85,44,23.9994,39,"2012-11"
"2012-11-25 03:00:00",4,0,0,1,9.02,13.635,44,0,20,"2012-11"
"2012-11-25 04:00:00",4,0,0,1,9.02,13.635,44,0,8,"2012-11"
"2012-11-25 05:00:00",4,0,0,2,9.02,11.365,47,11.0014,9,"2012-11"
"2012-11-25 06:00:00",4,0,0,2,9.02,12.12,47,7.0015,17,"2012-11"
"2012-11-25 07:00:00",4,0,0,2,9.02,12.12,51,7.0015,56,"2012-11"
"2012-11-25 08:00:00",4,0,0,2,9.02,11.365,51,12.998,139,"2012-11"
"2012-11-25 09:00:00",4,0,0,2,9.84,11.365,48,15.0013,208,"2012-11"
"2012-11-25 10:00:00",4,0,0,1,9.84,11.365,48,16.9979,298,"2012-11"
"2012-11-25 11:00:00",4,0,0,2,10.66,12.88,41,15.0013,354,"2012-11"
"2012-11-25 12:00:00",4,0,0,2,10.66,12.88,41,15.0013,397,"2012-11"
"2012-11-25 13:00:00",4,0,0,2,10.66,12.88,41,11.0014,399,"2012-11"
"2012-11-25 14:00:00",4,0,0,2,12.3,14.395,42,16.9979,390,"2012-11"
"2012-11-25 15:00:00",4,0,0,1,12.3,14.395,42,16.9979,374,"2012-11"
"2012-11-25 16:00:00",4,0,0,1,12.3,14.395,39,15.0013,358,"2012-11"
"2012-11-25 17:00:00",4,0,0,1,11.48,13.635,41,11.0014,307,"2012-11"
"2012-11-25 18:00:00",4,0,0,1,10.66,12.88,44,11.0014,233,"2012-11"
"2012-11-25 19:00:00",4,0,0,1,10.66,15.15,41,0,198,"2012-11"
"2012-11-25 20:00:00",4,0,0,1,9.84,14.395,60,0,156,"2012-11"
"2012-11-25 21:00:00",4,0,0,1,10.66,15.15,48,0,127,"2012-11"
"2012-11-25 22:00:00",4,0,0,1,9.84,14.395,60,0,104,"2012-11"
"2012-11-25 23:00:00",4,0,0,1,9.02,12.88,69,6.0032,82,"2012-11"
"2012-11-26 00:00:00",4,0,1,1,9.02,13.635,69,0,38,"2012-11"
"2012-11-26 01:00:00",4,0,1,1,8.2,12.88,69,0,18,"2012-11"
"2012-11-26 02:00:00",4,0,1,1,8.2,12.88,69,0,10,"2012-11"
"2012-11-26 03:00:00",4,0,1,1,8.2,12.88,69,0,4,"2012-11"
"2012-11-26 04:00:00",4,0,1,1,9.02,13.635,69,0,6,"2012-11"
"2012-11-26 05:00:00",4,0,1,1,9.02,11.365,69,11.0014,35,"2012-11"
"2012-11-26 06:00:00",4,0,1,1,9.02,13.635,69,0,135,"2012-11"
"2012-11-26 07:00:00",4,0,1,1,9.84,14.395,65,0,366,"2012-11"
"2012-11-26 08:00:00",4,0,1,1,9.84,14.395,65,0,652,"2012-11"
"2012-11-26 09:00:00",4,0,1,1,11.48,15.15,56,6.0032,338,"2012-11"
"2012-11-26 10:00:00",4,0,1,1,13.12,17.425,49,0,187,"2012-11"
"2012-11-26 11:00:00",4,0,1,1,16.4,20.455,37,19.9995,222,"2012-11"
"2012-11-26 12:00:00",4,0,1,1,17.22,21.21,35,7.0015,283,"2012-11"
"2012-11-26 13:00:00",4,0,1,1,17.22,21.21,35,7.0015,280,"2012-11"
"2012-11-26 14:00:00",4,0,1,1,17.22,21.21,35,0,260,"2012-11"
"2012-11-26 15:00:00",4,0,1,1,17.22,21.21,35,6.0032,292,"2012-11"
"2012-11-26 16:00:00",4,0,1,1,18.04,21.97,30,0,395,"2012-11"
"2012-11-26 17:00:00",4,0,1,1,17.22,21.21,32,0,627,"2012-11"
"2012-11-26 18:00:00",4,0,1,1,14.76,17.425,50,11.0014,533,"2012-11"
"2012-11-26 19:00:00",4,0,1,1,13.94,18.18,53,0,365,"2012-11"
"2012-11-26 20:00:00",4,0,1,1,13.94,18.18,49,0,246,"2012-11"
"2012-11-26 21:00:00",4,0,1,1,13.94,18.18,49,0,191,"2012-11"
"2012-11-26 22:00:00",4,0,1,1,13.12,17.425,61,0,154,"2012-11"
"2012-11-26 23:00:00",4,0,1,2,13.12,16.665,66,7.0015,117,"2012-11"
"2012-11-27 00:00:00",4,0,1,2,13.12,16.665,66,6.0032,61,"2012-11"
"2012-11-27 01:00:00",4,0,1,2,13.12,16.665,70,8.9981,25,"2012-11"
"2012-11-27 02:00:00",4,0,1,2,13.12,15.91,70,11.0014,10,"2012-11"
"2012-11-27 03:00:00",4,0,1,3,13.12,16.665,70,8.9981,5,"2012-11"
"2012-11-27 04:00:00",4,0,1,3,12.3,14.395,81,12.998,6,"2012-11"
"2012-11-27 05:00:00",4,0,1,2,12.3,14.395,81,15.0013,34,"2012-11"
"2012-11-27 06:00:00",4,0,1,2,12.3,15.15,81,11.0014,137,"2012-11"
"2012-11-27 07:00:00",4,0,1,3,12.3,15.15,81,8.9981,355,"2012-11"
"2012-11-27 08:00:00",4,0,1,3,13.12,15.91,81,11.0014,642,"2012-11"
"2012-11-27 09:00:00",4,0,1,2,13.12,16.665,81,8.9981,319,"2012-11"
"2012-11-27 10:00:00",4,0,1,3,13.12,15.91,81,12.998,157,"2012-11"
"2012-11-27 11:00:00",4,0,1,3,12.3,13.635,87,19.9995,154,"2012-11"
"2012-11-27 12:00:00",4,0,1,3,11.48,12.88,87,26.0027,171,"2012-11"
"2012-11-27 13:00:00",4,0,1,3,11.48,13.635,87,16.9979,164,"2012-11"
"2012-11-27 14:00:00",4,0,1,3,11.48,12.88,87,23.9994,144,"2012-11"
"2012-11-27 15:00:00",4,0,1,2,12.3,13.635,75,19.9995,176,"2012-11"
"2012-11-27 16:00:00",4,0,1,2,12.3,13.635,75,19.9995,252,"2012-11"
"2012-11-27 17:00:00",4,0,1,2,12.3,13.635,75,26.0027,423,"2012-11"
"2012-11-27 18:00:00",4,0,1,1,10.66,11.365,81,23.9994,447,"2012-11"
"2012-11-27 19:00:00",4,0,1,1,10.66,12.88,73,19.9995,324,"2012-11"
"2012-11-27 20:00:00",4,0,1,1,10.66,11.365,75,22.0028,232,"2012-11"
"2012-11-27 21:00:00",4,0,1,1,9.84,10.605,81,19.0012,165,"2012-11"
"2012-11-27 22:00:00",4,0,1,1,9.84,12.12,81,11.0014,127,"2012-11"
"2012-11-27 23:00:00",4,0,1,2,10.66,12.12,81,16.9979,81,"2012-11"
"2012-11-28 00:00:00",4,0,1,2,10.66,12.12,75,16.9979,35,"2012-11"
"2012-11-28 01:00:00",4,0,1,2,10.66,12.88,75,15.0013,16,"2012-11"
"2012-11-28 02:00:00",4,0,1,2,10.66,12.88,75,15.0013,9,"2012-11"
"2012-11-28 03:00:00",4,0,1,2,10.66,12.88,70,15.0013,4,"2012-11"
"2012-11-28 04:00:00",4,0,1,2,10.66,12.88,70,12.998,6,"2012-11"
"2012-11-28 05:00:00",4,0,1,2,10.66,13.635,70,8.9981,34,"2012-11"
"2012-11-28 06:00:00",4,0,1,2,10.66,12.88,65,15.0013,134,"2012-11"
"2012-11-28 07:00:00",4,0,1,2,10.66,12.88,56,12.998,377,"2012-11"
"2012-11-28 08:00:00",4,0,1,1,9.84,10.605,60,19.0012,642,"2012-11"
"2012-11-28 09:00:00",4,0,1,1,11.48,13.635,52,12.998,333,"2012-11"
"2012-11-28 10:00:00",4,0,1,1,12.3,15.91,49,7.0015,186,"2012-11"
"2012-11-28 11:00:00",4,0,1,1,13.12,15.91,45,11.0014,198,"2012-11"
"2012-11-28 12:00:00",4,0,1,1,13.94,15.15,42,26.0027,253,"2012-11"
"2012-11-28 13:00:00",4,0,1,1,13.94,16.665,42,12.998,242,"2012-11"
"2012-11-28 14:00:00",4,0,1,1,14.76,16.665,40,19.9995,220,"2012-11"
"2012-11-28 15:00:00",4,0,1,1,14.76,16.665,32,22.0028,229,"2012-11"
"2012-11-28 16:00:00",4,0,1,1,14.76,16.665,29,16.9979,326,"2012-11"
"2012-11-28 17:00:00",4,0,1,1,13.94,16.665,31,8.9981,578,"2012-11"
"2012-11-28 18:00:00",4,0,1,1,13.12,15.15,33,19.0012,529,"2012-11"
"2012-11-28 19:00:00",4,0,1,1,13.12,15.91,36,11.0014,368,"2012-11"
"2012-11-28 20:00:00",4,0,1,1,13.12,16.665,36,8.9981,244,"2012-11"
"2012-11-28 21:00:00",4,0,1,1,12.3,15.15,39,11.0014,185,"2012-11"
"2012-11-28 22:00:00",4,0,1,1,11.48,13.635,45,11.0014,145,"2012-11"
"2012-11-28 23:00:00",4,0,1,1,10.66,13.635,48,8.9981,111,"2012-11"
"2012-11-29 00:00:00",4,0,1,1,9.84,12.88,56,6.0032,62,"2012-11"
"2012-11-29 01:00:00",4,0,1,1,9.02,12.88,64,6.0032,27,"2012-11"
"2012-11-29 02:00:00",4,0,1,1,9.02,13.635,64,0,12,"2012-11"
"2012-11-29 04:00:00",4,0,1,1,8.2,11.365,75,6.0032,6,"2012-11"
"2012-11-29 05:00:00",4,0,1,1,8.2,12.88,69,0,32,"2012-11"
"2012-11-29 06:00:00",4,0,1,1,9.02,13.635,69,0,113,"2012-11"
"2012-11-29 07:00:00",4,0,1,1,8.2,12.88,64,0,316,"2012-11"
"2012-11-29 08:00:00",4,0,1,1,8.2,11.365,69,7.0015,580,"2012-11"
"2012-11-29 09:00:00",4,0,1,1,9.84,14.395,60,0,336,"2012-11"
"2012-11-29 10:00:00",4,0,1,1,11.48,15.15,65,6.0032,181,"2012-11"
"2012-11-29 11:00:00",4,0,1,1,14.76,17.425,37,15.0013,205,"2012-11"
"2012-11-29 12:00:00",4,0,1,1,14.76,17.425,40,11.0014,260,"2012-11"
"2012-11-29 13:00:00",4,0,1,1,15.58,19.695,32,8.9981,257,"2012-11"
"2012-11-29 14:00:00",4,0,1,1,14.76,17.425,43,15.0013,234,"2012-11"
"2012-11-29 15:00:00",4,0,1,1,14.76,16.665,43,19.0012,252,"2012-11"
"2012-11-29 16:00:00",4,0,1,1,14.76,17.425,40,15.0013,359,"2012-11"
"2012-11-29 17:00:00",4,0,1,1,13.94,16.665,39,12.998,606,"2012-11"
"2012-11-29 18:00:00",4,0,1,1,13.12,15.91,49,11.0014,537,"2012-11"
"2012-11-29 19:00:00",4,0,1,1,12.3,14.395,52,12.998,368,"2012-11"
"2012-11-29 20:00:00",4,0,1,1,12.3,15.15,52,11.0014,243,"2012-11"
"2012-11-29 21:00:00",4,0,1,1,10.66,13.635,65,8.9981,177,"2012-11"
"2012-11-29 22:00:00",4,0,1,1,10.66,14.395,70,6.0032,137,"2012-11"
"2012-11-29 23:00:00",4,0,1,1,11.48,15.91,61,0,95,"2012-11"
"2012-11-30 00:00:00",4,0,1,1,10.66,12.88,70,11.0014,49,"2012-11"
"2012-11-30 01:00:00",4,0,1,1,9.84,12.88,70,6.0032,21,"2012-11"
"2012-11-30 02:00:00",4,0,1,1,9.84,14.395,75,0,11,"2012-11"
"2012-11-30 03:00:00",4,0,1,1,9.84,14.395,75,0,4,"2012-11"
"2012-11-30 04:00:00",4,0,1,1,9.02,13.635,75,0,6,"2012-11"
"2012-11-30 05:00:00",4,0,1,1,8.2,12.88,80,0,34,"2012-11"
"2012-11-30 06:00:00",4,0,1,1,8.2,12.88,86,0,133,"2012-11"
"2012-11-30 07:00:00",4,0,1,1,9.02,13.635,80,0,358,"2012-11"
"2012-11-30 08:00:00",4,0,1,2,9.02,12.88,80,6.0032,651,"2012-11"
"2012-11-30 09:00:00",4,0,1,1,9.84,12.88,75,6.0032,326,"2012-11"
"2012-11-30 10:00:00",4,0,1,2,12.3,16.665,65,0,169,"2012-11"
"2012-11-30 11:00:00",4,0,1,2,13.94,17.425,53,6.0032,175,"2012-11"
"2012-11-30 12:00:00",4,0,1,2,15.58,19.695,46,0,231,"2012-11"
"2012-11-30 13:00:00",4,0,1,2,16.4,20.455,40,11.0014,231,"2012-11"
"2012-11-30 14:00:00",4,0,1,2,16.4,20.455,40,7.0015,207,"2012-11"
"2012-11-30 15:00:00",4,0,1,2,17.22,21.21,38,7.0015,224,"2012-11"
"2012-11-30 16:00:00",4,0,1,1,16.4,20.455,43,8.9981,327,"2012-11"
"2012-11-30 17:00:00",4,0,1,1,14.76,17.425,50,12.998,578,"2012-11"
"2012-11-30 18:00:00",4,0,1,2,13.94,18.18,61,0,546,"2012-11"
"2012-11-30 19:00:00",4,0,1,1,13.12,17.425,66,0,366,"2012-11"
"2012-11-30 20:00:00",4,0,1,1,13.12,17.425,66,0,248,"2012-11"
"2012-11-30 21:00:00",4,0,1,1,12.3,15.91,75,6.0032,188,"2012-11"
"2012-11-30 22:00:00",4,0,1,1,12.3,16.665,75,0,151,"2012-11"
"2012-11-30 23:00:00",4,0,1,2,12.3,15.91,75,6.0032,119,"2012-11"
